code,profitForcastExpPubDate,profitForcastExpStatDate,profitForcastType,profitForcastChgPctUp,profitForcastChgPctDwn,name,industry,outstanding
600570,2020-01-20,2019-12-31,预增,108.0,100.0,恒生电子,软件服务,8.03
603279,2020-01-23,2019-12-31,预增,65.0,45.0,景津环保,环境保护,0.41
603960,2020-01-22,2019-12-31,预增,60.0,50.0,克来机电,专用机械,0.67
601919,2020-01-23,2019-12-31,预增,449.0,449.0,中远海控,水运,76.36
603606,2020-01-15,2019-12-31,预增,165.0,165.0,东方电缆,电气设备,6.39
600571,2020-01-16,2019-12-31,预增,120.0,100.0,信雅达,软件服务,4.31
601901,2020-01-23,2019-12-31,预增,75.0,25.0,方正证券,证券,82.32
601918,2020-01-22,2019-12-31,预增,127.52,127.52,新集能源,煤炭开采,25.91
603936,2020-01-21,2019-12-31,预增,70.0,47.0,博敏电子,元器件,2.55
600739,2020-01-23,2019-12-31,预增,62.27,45.73,辽宁成大,商贸代理,15.3
601919,2019-10-31,2019-12-31,预增,0.0,0.0,中远海控,水运,76.36
603160,2019-10-25,2019-12-31,预增,0.0,0.0,汇顶科技,元器件,4.49
600546,2020-01-22,2019-12-31,预增,431.82,354.55,山煤国际,煤炭开采,19.82
600575,2020-01-21,2019-12-31,预增,124.72,95.88,淮河能源,水运,38.86
601677,2020-01-14,2019-12-31,预增,90.0,90.0,明泰铝业,铝,5.75
601628,2020-01-20,2019-12-31,预增,420.0,400.0,中国人寿,保险,208.24
601688,2020-01-23,2019-12-31,预增,85.0,70.0,华泰证券,证券,73.58
603309,2019-10-29,2019-12-31,预增,0.0,0.0,维力医疗,医疗保健,2.0
603600,2020-01-17,2019-12-31,预增,85.0,65.0,永艺股份,家居用品,3.02
603906,2020-01-21,2019-12-31,预增,62.0,52.0,龙蟠科技,化工原料,1.12
603308,2020-01-21,2019-12-31,预增,83.21,73.64,应流股份,专用机械,4.34
603308,2019-10-31,2019-12-31,预增,90.0,70.0,应流股份,专用机械,4.34
600794,2019-10-23,2019-12-31,预增,0.0,0.0,保税科技,仓储物流,12.12
601898,2020-01-18,2019-12-31,预增,71.8,60.1,中煤能源,煤炭开采,91.52
600732,2020-01-22,2019-12-31,预增,80.26,60.55,ST爱旭,区域地产,4.46
601968,2020-01-23,2019-12-31,预增,246.13,162.58,宝钢包装,广告包装,8.33
601666,2020-01-22,2019-12-31,预增,63.54,63.54,平煤股份,煤炭开采,23.61
600731,2020-01-22,2019-12-31,预增,119.42,90.3,湖南海利,农药化肥,3.27
601881,2020-01-23,2019-12-31,预增,77.27,77.27,中国银河,证券,12.29
600552,2020-01-21,2019-12-31,预增,150.0,110.0,凯盛科技,玻璃,7.64
601888,2020-01-11,2019-12-31,预增,50.0,50.0,中国国旅,旅游服务,19.52
603638,2020-01-16,2019-12-31,预增,53.0,53.0,艾迪精密,专用机械,1.26
601865,2020-01-23,2019-12-31,预增,79.36,67.08,福莱特,玻璃,1.5
601898,2019-10-29,2019-12-31,预增,0.0,0.0,中煤能源,煤炭开采,91.52
600865,2020-01-18,2019-12-31,预增,95.0,70.0,百大集团,百货,3.76
603258,2020-01-18,2019-12-31,预增,71.72,60.15,电魂网络,互联网,2.4
603222,2020-01-21,2019-12-31,预增,121.64,102.92,济民制药,化学制药,3.2
600777,2019-10-29,2019-12-31,预增,0.0,0.0,新潮能源,石油开采,40.51
600774,2020-01-22,2019-12-31,预增,54.0,45.0,汉商集团,百货,2.27
603160,2020-01-22,2019-12-31,预增,230.0,203.0,汇顶科技,元器件,4.49
603031,2020-01-22,2019-12-31,预增,181.66,121.91,安德利,百货,1.12
603218,2020-01-10,2019-12-31,预增,85.0,73.0,日月股份,工程机械,1.32
603218,2019-10-29,2019-12-31,预增,0.0,0.0,日月股份,工程机械,1.32
603613,2020-01-10,2019-12-31,预增,70.46,60.88,国联股份,互联网,0.35
600512,2020-01-21,2019-12-31,预增,2242.83,2047.6,腾达建设,建筑工程,15.99
603033,2019-10-29,2019-12-31,预增,0.0,0.0,三维股份,橡胶,1.78
603227,2019-10-28,2019-12-31,预增,110.0,70.0,雪峰科技,化工原料,6.59
603033,2020-01-11,2019-12-31,预增,217.38,168.55,三维股份,橡胶,1.78
603036,2020-01-21,2019-12-31,预增,81.17,61.21,如通股份,专用机械,2.03
603208,2020-01-22,2019-12-31,预增,72.98,72.98,江山欧派,家居用品,0.31
603041,2020-01-17,2019-12-31,预增,90.0,70.0,美思德,化工原料,0.47
603088,2020-01-21,2019-12-31,预增,60.0,45.0,宁波精达,专用机械,1.57
603068,2019-10-29,2019-12-31,预增,0.0,0.0,博通集成,半导体,0.35
603068,2020-01-23,2019-12-31,预增,126.0,83.0,博通集成,半导体,0.35
603077,2020-01-21,2019-12-31,预增,60.0,40.0,和邦生物,化工原料,88.31
600496,2020-01-16,2019-12-31,预增,131.0,109.0,精工钢构,钢加工,15.1
600495,2020-01-15,2019-12-31,预增,80.0,60.0,晋西车轴,运输设备,12.08
600490,2020-01-23,2019-12-31,预增,90.0,50.0,鹏欣资源,铜,14.91
600503,2020-01-21,2019-12-31,预增,784.01,504.64,华丽家族,区域地产,16.02
600533,2020-01-23,2019-12-31,预增,160.0,100.0,栖霞建设,区域地产,10.5
603227,2020-01-31,2019-12-31,预增,84.49,84.49,雪峰科技,化工原料,6.59
603026,2020-01-23,2019-12-31,预增,60.67,46.06,石大胜华,化工原料,2.03
601975,2019-10-23,2019-12-31,预增,0.0,0.0,招商南油,水运,18.99
600531,2020-01-21,2019-12-31,预增,65.0,45.0,豫光金铅,铅锌,10.9
601975,2020-01-18,2019-12-31,预增,149.83,127.62,招商南油,水运,18.99
603966,2019-10-29,2019-12-31,预增,0.0,50.0,法兰泰克,机械基件,0.94
603966,2020-01-15,2019-12-31,预增,65.0,50.0,法兰泰克,机械基件,0.94
601990,2020-01-21,2019-12-31,预增,223.58,189.07,南京证券,证券,20.61
600578,2020-01-18,2019-12-31,预增,63.0,45.0,京能电力,火力发电,53.35
603000,2020-01-22,2019-12-31,预增,59.87,29.97,人民网,互联网,11.06
603609,2020-01-16,2019-12-31,预增,108.36,102.92,禾丰牧业,饲料,8.31
603977,2020-01-14,2019-12-31,预增,130.0,100.0,国泰集团,化工原料,3.1
603238,2020-01-21,2019-12-31,预增,73.76,53.85,诺邦股份,纺织,0.3
603986,2020-01-21,2019-12-31,预增,60.49,48.15,兆易创新,半导体,2.83
600778,2020-01-23,2019-12-31,预增,218.0,218.0,友好集团,百货,3.11
600745,2019-10-31,2019-12-31,预增,0.0,0.0,闻泰科技,通信设备,6.37
603002,2020-01-17,2019-12-31,预增,56.0,37.0,宏昌电子,化工原料,6.14
600745,2020-01-18,2019-12-31,预增,2358.0,1949.0,闻泰科技,通信设备,6.37
600751,2020-01-23,2019-12-31,预增,646.97,397.98,海航科技,水运,25.73
603005,2020-01-22,2019-12-31,预增,53.25,43.41,晶方科技,半导体,2.3
603988,2020-01-18,2019-12-31,预增,179.91,128.08,中电电机,电气设备,2.35
600778,2019-10-24,2019-12-31,预增,0.0,0.0,友好集团,百货,3.11
603010,2020-01-14,2019-12-31,预增,80.0,50.0,万盛股份,化工原料,3.44
600777,2020-01-21,2019-12-31,预增,87.06,78.64,新潮能源,石油开采,40.51
600521,2020-01-21,2019-12-31,预增,465.0,376.0,华海药业,化学制药,12.51
600580,2020-01-21,2019-12-31,预增,53.58,53.58,卧龙电驱,电气设备,12.91
601377,2020-01-11,2019-12-31,预增,1229.904434,1008.2536949999999,兴业证券,证券,66.97
601615,2020-01-21,2019-12-31,预增,71.37,43.2,明阳智能,机械基件,2.76
600909,2020-01-23,2019-12-31,预增,120.0,100.0,华安证券,证券,36.21
600909,2020-01-31,2019-12-31,预增,120.0,100.0,华安证券,证券,36.21
600958,2020-01-23,2019-12-31,预增,103.1,90.9,东方证券,证券,56.77
603456,2019-10-25,2019-12-31,预增,80.0,55.0,九洲药业,化学制药,8.03
600837,2020-01-22,2019-12-31,预增,86.0,80.0,海通证券,证券,80.92
603429,2020-01-22,2019-12-31,预增,73.3,73.3,集友股份,广告包装,1.27
603429,2019-10-25,2019-12-31,预增,90.0,70.0,集友股份,广告包装,1.27
603690,2020-01-22,2019-12-31,预增,285.34,245.26,至纯科技,专用机械,0.92
600834,2020-01-23,2019-12-31,预增,140.0,110.0,申通地铁,公共交通,4.77
600984,2020-01-21,2019-12-31,预增,232.94,232.94,建设机械,工程机械,7.86
603398,2020-01-18,2019-12-31,预增,94.63,66.15,邦宝益智,文教休闲,2.96
600834,2019-10-31,2019-12-31,预增,0.0,50.0,申通地铁,公共交通,4.77
603110,2020-01-11,2019-12-31,预增,70.0,50.0,东方材料,染料涂料,0.54
603378,2020-01-18,2019-12-31,预增,100.0,80.0,亚士创能,染料涂料,0.69
600819,2020-01-22,2019-12-31,预增,121.0,121.0,耀皮玻璃,玻璃,7.47
600993,2020-01-22,2019-12-31,预增,110.0,90.0,马应龙,中成药,4.3
600999,2020-01-15,2019-12-31,预增,70.0,60.0,招商证券,证券,57.19
603118,2020-01-21,2019-12-31,预增,63.71,63.71,共进股份,通信设备,7.76
603776,2020-01-14,2019-12-31,预增,350.0,310.0,永安行,公共交通,1.2
603556,2020-01-21,2019-12-31,预增,60.0,45.0,海兴电力,电器仪表,4.89
600719,2020-01-15,2019-12-31,预增,343.316418,269.430348,大连热电,供气供热,4.05
603737,2020-01-15,2019-12-31,预增,89.0,69.0,三棵树,染料涂料,1.85
603127,2020-01-09,2019-12-31,预增,60.0,40.0,昭衍新药,医疗保健,0.79
603699,2020-01-21,2019-12-31,预增,85.0,65.0,纽威股份,专用机械,7.5
603727,2020-01-17,2019-12-31,预增,410.29,361.36,博迈科,石油开采,2.34
600866,2020-01-18,2019-12-31,预增,278.0,219.0,星湖科技,食品,6.45
600868,2019-10-29,2019-12-31,预增,0.0,0.0,梅雁吉祥,水力发电,18.98
600868,2020-01-22,2019-12-31,预增,160.36,160.36,梅雁吉祥,水力发电,18.98
600862,2020-01-21,2019-12-31,预增,80.8,80.8,中航高科,航空,13.93
603189,2020-01-04,2019-12-31,预增,425.39,325.32,网达软件,软件服务,2.21
603508,2020-01-18,2019-12-31,预增,330.0,310.0,思维列控,软件服务,1.58
600871,2020-01-18,2019-12-31,预增,540.6,540.6,石化油服,石油开采,120.43
600876,2020-01-23,2019-12-31,预增,351.0,256.0,洛阳玻璃,玻璃,2.79
603505,2020-01-11,2019-12-31,预增,70.0,50.0,金石资源,矿物制品,1.12
603501,2020-01-22,2019-12-31,预增,244.85,175.88,韦尔股份,半导体,1.41
603520,2020-01-23,2019-12-31,预增,124.18,81.48,司太立,化学制药,1.68
600853,2020-01-16,2019-12-31,预增,55.17,46.28,龙建股份,建筑工程,6.98
603700,2020-01-17,2019-12-31,预增,70.0,50.0,宁波水表,电器仪表,0.39
603712,2020-01-15,2019-12-31,预增,69.0,49.0,七一二,通信设备,3.66
603187,2020-01-31,2019-12-31,预增,56.8,56.8,海容冷链,机械基件,0.84
603713,2020-01-21,2019-12-31,预增,50.3,45.2,密尔克卫,仓储物流,0.68
600846,2020-01-15,2019-12-31,预增,110.0,90.0,同济科技,建筑工程,6.25
600845,2020-01-31,2019-12-31,预增,107.0,91.0,宝信软件,软件服务,8.33
600894,2020-01-21,2019-12-31,预增,198.0,198.0,广日股份,运输设备,8.6
603538,2020-01-22,2019-12-31,预增,60.0,45.0,美诺华,化学制药,0.91
603456,2020-01-22,2019-12-31,预增,80.0,55.0,九洲药业,化学制药,8.03
603733,2020-01-17,2019-12-31,预增,53.89,40.21,仙鹤股份,造纸,0.62
601008,2020-01-21,2019-12-31,预增,89.25,89.25,连云港,港口,10.15
603129,2020-01-17,2019-12-31,预增,62.0,42.0,春风动力,摩托车,0.66
601012,2020-01-17,2019-12-31,预增,107.19,95.47,隆基股份,半导体,37.68
603326,2020-01-14,2019-12-31,预增,55.0,40.0,我乐家居,家居用品,0.64
601319,2020-01-22,2019-12-31,预增,80.0,60.0,中国人保,保险,56.02
600728,2020-01-21,2019-12-31,预增,175.0,155.0,佳都科技,软件服务,16.37
601336,2020-02-03,2019-12-31,预增,80.0,80.0,新华保险,保险,20.85
603661,2020-01-23,2019-12-31,预增,60.0,40.0,恒林股份,家居用品,0.29
603315,2020-01-31,2019-12-31,预增,1135.0,1073.0,福鞍股份,机械基件,2.2
603315,2019-10-30,2019-12-31,预增,1104.926892,1104.926892,福鞍股份,机械基件,2.2
601360,2020-01-23,2019-12-31,预增,79.0,62.0,三六零,互联网,3.97
601369,2020-01-22,2019-12-31,预增,65.0,50.0,陕鼓动力,机械基件,16.39
603596,2020-01-21,2019-12-31,预增,85.0,65.0,伯特利,汽车配件,1.72
603878,2020-01-15,2019-12-31,预增,59.71,59.71,武进不锈,钢加工,2.85
603882,2020-01-22,2019-12-31,预增,71.44,62.87,金域医学,医疗保健,2.8
600592,2020-01-18,2019-12-31,预增,74.89,63.79,龙溪股份,机械基件,4.0
600588,2020-01-17,2019-12-31,预增,110.0,70.0,用友网络,软件服务,24.93
600794,2020-01-23,2019-12-31,预增,355.0,355.0,保税科技,仓储物流,12.12
603313,2020-01-21,2019-12-31,预增,96.7,96.7,梦百合,家居用品,3.2
600587,2020-01-22,2019-12-31,预增,3890.0439530000003,3840.044261,新华医疗,医疗保健,4.03
601555,2020-01-18,2019-12-31,预增,206.91,179.01,东吴证券,证券,30.0
603887,2020-01-20,2019-12-31,预增,395.0,340.0,城地股份,建筑工程,1.41
601567,2020-01-18,2019-12-31,预增,120.0,100.0,三星医疗,电器仪表,13.87
601601,2020-02-03,2019-12-31,预增,60.0,50.0,中国太保,保险,62.87
601236,2020-01-23,2019-12-31,预增,123.0,112.0,红塔证券,证券,3.64
600603,2020-01-23,2019-12-31,预增,60.0,40.0,广汇物流,仓储物流,5.1
603327,2020-01-14,2019-12-31,预增,75.0,55.0,福蓉科技,元器件,0.51
603859,2020-02-03,2019-12-31,预增,90.0,70.0,能科股份,软件服务,1.26
603577,2020-01-21,2019-12-31,预增,111.0,111.0,汇金通,钢加工,1.75
603797,2020-01-17,2019-12-31,预增,154.32,112.16,联泰环保,环境保护,0.89
603360,2020-01-18,2019-12-31,预增,116.96,116.96,百傲化学,化工原料,0.78
601058,2020-01-15,2019-12-31,预增,79.6,79.6,赛轮轮胎,汽车配件,20.78
600814,2020-01-23,2019-12-31,预增,60.0,50.0,杭州解百,百货,7.15
600720,2020-01-15,2019-12-31,预增,85.0,85.0,祁连山,水泥,7.76
601069,2020-01-23,2019-12-31,预增,301.0,202.0,西部黄金,黄金,6.36
601100,2020-01-21,2019-12-31,预增,52.99,47.02,恒立液压,工程机械,8.82
603586,2020-01-17,2019-12-31,预增,140.85,140.85,金麒麟,汽车配件,0.94
601108,2020-01-18,2019-12-31,预增,127.0,127.0,财通证券,证券,24.07
603309,2020-01-17,2019-12-31,预增,100.0,69.0,维力医疗,医疗保健,2.0
601117,2020-01-18,2019-12-31,预增,70.0,50.0,中国化学,建筑工程,49.33
603333,2020-01-11,2019-12-31,预增,90.0,70.0,尚纬股份,电气设备,5.14
601163,2020-01-20,2019-12-31,预增,76.0,76.0,三角轮胎,汽车配件,8.0
600615,2020-01-21,2019-12-31,预增,235.0,235.0,丰华股份,小金属,1.88
603333,2019-10-19,2019-12-31,预增,100.0,70.0,尚纬股份,电气设备,5.14
600807,2020-01-23,2019-12-31,预增,150.82,67.21,ST天业,区域地产,7.87
600727,2020-01-22,2019-12-31,预增,102.0,82.0,鲁北化工,农药化肥,3.51
603819,2020-01-17,2019-12-31,预增,99.6,84.66,神力股份,电气设备,1.68
603825,2020-01-22,2019-12-31,预增,67.18,53.67,华扬联众,互联网,0.95
603131,2019-10-30,2019-12-31,预增,75.131761,21.245065,上海沪工,专用机械,0.7
601208,2020-01-22,2019-12-31,预增,139.95,116.63,东材科技,化工原料,6.27
601163,2019-10-25,2019-12-31,预增,0.0,0.0,三角轮胎,汽车配件,8.0
601066,2020-01-17,2019-12-31,预增,78.19,78.19,中信建投,证券,8.64
002835,2019-10-26,2019-12-31,预增,907.73,655.8,同为股份,元器件,1.17
603999,2020-01-21,2019-12-31,预增,70.0,50.0,读者传媒,出版业,5.76
000915,2020-01-16,2019-12-31,预增,60.0,50.0,山大华特,化学制药,2.33
000913,2020-01-21,2019-12-31,预增,294.58,215.67,钱江摩托,摩托车,4.54
002521,2020-01-14,2019-12-31,预增,150.0,100.0,齐峰新材,造纸,4.25
002522,2020-01-16,2019-12-31,预增,120.0,70.0,浙江众成,塑料,8.55
000906,2019-10-26,2019-12-31,预增,76.91,56.9,浙商中拓,批发业,6.55
002531,2020-01-17,2019-12-31,预增,70.0,50.0,天顺风能,电气设备,17.69
000905,2019-10-31,2019-12-31,预增,310.0,260.0,厦门港务,港口,5.31
002533,2020-01-18,2019-12-31,预增,55.0,25.0,金杯电工,电气设备,5.17
002534,2020-01-16,2019-12-31,预增,72.0,31.0,杭锅股份,专用机械,7.3
000893,2020-01-23,2019-12-31,预增,1021.6748759999999,766.862321,东凌国际,食品,4.01
002544,2019-10-26,2019-12-31,预增,350.0,300.0,杰赛科技,软件服务,5.13
002544,2020-01-22,2019-12-31,预增,200.0,150.0,杰赛科技,软件服务,5.13
002552,2019-10-22,2019-12-31,预增,126.55,95.19,宝鼎科技,机械基件,2.0
002555,2019-10-31,2019-12-31,预增,113.19,103.27,三七互娱,互联网,13.48
002562,2019-10-24,2019-12-31,预增,140.0,100.0,兄弟科技,化学制药,5.39
002568,2019-10-28,2019-12-31,预增,160.0,130.0,百润股份,红黄酒,3.49
000880,2020-01-23,2019-12-31,预增,105.0,65.0,潍柴重机,机械基件,1.35
000923,2020-01-23,2019-12-31,预增,235.45,205.63,河钢资源,普钢,1.98
002500,2020-01-23,2019-12-31,预增,134.48,111.94,山西证券,证券,28.29
002498,2019-10-30,2019-12-31,预增,116.83,71.66,汉缆股份,电气设备,33.27
000925,2020-01-31,2019-12-31,预增,605.0,422.0,众合科技,专用机械,4.53
002457,2020-01-20,2019-12-31,预增,168.29,97.83,青龙管业,塑料,3.34
002458,2019-10-28,2019-12-31,预增,533.89,520.11,益生股份,农业综合,3.57
002459,2020-01-22,2019-12-31,预增,79.38,30.71,晶澳科技,电气设备,3.89
002463,2019-12-17,2019-12-31,预增,119.13,101.6,沪电股份,元器件,16.88
000965,2020-01-21,2019-12-31,预增,108.11,66.49,天保基建,区域地产,11.1
000961,2020-01-14,2019-12-31,预增,110.0,80.0,中南建设,建筑工程,37.31
002467,2020-01-21,2019-12-31,预增,110.0,90.0,二六三,电信运营,11.54
002469,2020-01-21,2019-12-31,预增,110.0,80.0,三维工程,建筑工程,4.63
000878,2020-01-22,2019-12-31,预增,477.06,420.96,云南铜业,铜,14.16
000961,2019-10-29,2019-12-31,预增,0.0,50.0,中南建设,建筑工程,37.31
002474,2020-02-03,2019-12-31,预增,75.0,35.0,榕基软件,软件服务,4.69
002475,2019-10-22,2019-12-31,预增,55.0,45.0,立讯精密,元器件,53.44
002479,2019-10-18,2019-12-31,预增,175.0,145.0,富春环保,火力发电,8.82
000936,2020-01-17,2019-12-31,预增,80.0,60.0,华西股份,化纤,8.85
002481,2019-10-23,2019-12-31,预增,130.0,80.0,双塔食品,食品,11.07
002483,2020-01-17,2019-12-31,预增,140.0,90.0,润邦股份,工程机械,6.71
000933,2020-01-23,2019-12-31,预增,444.25,318.65,神火股份,煤炭开采,19.0
002487,2019-10-23,2019-12-31,预增,150.0,100.0,大金重工,钢加工,5.37
000958,2020-01-18,2019-12-31,预增,79.57,79.57,东方能源,火力发电,10.99
000966,2020-01-08,2019-12-31,预增,194.22,164.51,长源电力,火力发电,11.08
002576,2019-10-25,2019-12-31,预增,98.02,48.71,通达动力,电气设备,1.64
000852,2020-01-23,2019-12-31,预增,77.0,48.0,石化机械,化工机械,7.78
000785,2020-01-23,2019-12-31,预增,4722.01,4420.63,居然之家,百货,1.47
000783,2020-01-23,2019-12-31,预增,563.27,563.27,长江证券,证券,55.29
000776,2020-01-21,2019-12-31,预增,76.5,66.5,广发证券,证券,59.19
002162,2020-01-22,2019-12-31,预增,72.51,43.75,悦心健康,医疗保健,8.53
000757,2019-10-31,2019-12-31,预增,76.84,51.58,浩物股份,汽车配件,4.52
002669,2019-10-26,2019-12-31,预增,80.0,50.0,康达新材,化工原料,2.35
002673,2020-01-22,2019-12-31,预增,225.34,194.35,西部证券,证券,35.02
002683,2019-10-23,2019-12-31,预增,60.0,40.0,宏大爆破,化工原料,6.07
000755,2020-01-22,2019-12-31,预增,198.9,130.88,山西路桥,公路,4.69
000751,2020-01-17,2019-12-31,预增,323.97,267.44,锌业股份,铅锌,14.1
000750,2020-01-22,2019-12-31,预增,579.0,579.0,国海证券,证券,42.16
000739,2020-01-07,2019-12-31,预增,56.52,43.02,普洛药业,化学制药,11.47
002697,2020-01-22,2019-12-31,预增,65.0,50.0,红旗连锁,超市连锁,10.78
002698,2020-01-31,2019-12-31,预增,75.0,65.0,博实股份,化工机械,8.23
002701,2020-01-06,2019-12-31,预增,246.08,197.27,奥瑞金,广告包装,23.31
002707,2019-10-30,2019-12-31,预增,377.38,218.25,众信旅游,旅游服务,5.31
002712,2020-01-23,2019-12-31,预增,52.28,4.69,思美传媒,广告包装,3.75
002653,2020-01-14,2019-12-31,预增,56.05,50.05,海思科,化学制药,4.85
002651,2019-10-29,2019-12-31,预增,80.0,50.0,利君股份,专用机械,5.27
000790,2020-01-10,2019-12-31,预增,118.16,92.5,泰合健康,中成药,6.16
002641,2020-01-10,2019-12-31,预增,120.0,100.0,永高股份,塑料,9.1
002578,2019-10-30,2019-12-31,预增,70.0,40.0,闽发铝业,铝,6.45
002579,2019-10-24,2019-12-31,预增,83.92,59.4,中京电子,元器件,3.69
000851,2020-01-31,2019-12-31,预增,123.76,50.16,高鸿股份,软件服务,8.71
000850,2020-01-22,2019-12-31,预增,110.67,51.68,华茂股份,纺织,9.43
002591,2019-10-18,2019-12-31,预增,272.4,186.46,恒大高新,化工原料,1.89
002605,2020-02-03,2019-12-31,预增,210.0,160.0,姚记科技,文教休闲,2.7
002607,2020-01-23,2019-12-31,预增,57.86,49.19,中公教育,文教休闲,6.67
002609,2019-10-22,2019-12-31,预增,80.0,40.0,捷顺科技,软件服务,3.67
000876,2020-01-23,2019-12-31,预增,194.49,181.58,新 希 望,饲料,42.0
002616,2019-10-30,2019-12-31,预增,100.0,60.0,长青集团,环境保护,4.59
002621,2020-01-31,2019-12-31,预增,438.8,280.33,美吉姆,文教休闲,5.44
000810,2020-01-31,2019-12-31,预增,111.06,65.83,创维数字,家用电器,9.82
002625,2019-10-31,2019-12-31,预增,110.0,60.0,光启技术,汽车配件,5.11
002628,2019-10-23,2019-12-31,预增,120.0,70.0,成都路桥,建筑工程,7.33
002628,2020-01-22,2019-12-31,预增,120.0,70.0,成都路桥,建筑工程,7.33
002634,2019-10-25,2019-12-31,预增,125.0,75.0,棒杰股份,服饰,3.16
002637,2020-01-16,2019-12-31,预增,127.99,79.7,赞宇科技,日用化工,3.73
002639,2019-10-29,2019-12-31,预增,289.47,257.01,雪人股份,专用机械,5.32
000811,2020-01-17,2019-12-31,预增,74.0,38.0,冰轮环境,工程机械,7.46
000715,2019-10-24,2019-12-31,预增,80.53,29.58,中兴商业,百货,4.15
002451,2019-10-28,2019-12-31,预增,424.85,365.21,摩恩电气,电气设备,4.16
002438,2020-01-16,2019-12-31,预增,90.0,60.0,江苏神通,机械基件,4.02
002250,2020-01-23,2019-12-31,预增,392.92,259.7,联化科技,化工原料,8.97
002263,2020-01-22,2019-12-31,预增,57.16,4.77,*ST东南,塑料,18.78
002123,2019-10-28,2019-12-31,预增,536.37,326.37,梦网集团,互联网,6.62
002112,2020-01-20,2019-12-31,预增,82.95,35.22,三变科技,电气设备,1.99
002272,2020-01-18,2019-12-31,预增,77.83,33.37,川润股份,机械基件,3.25
002276,2019-10-28,2019-12-31,预增,100.0,80.0,万马股份,电气设备,10.34
002278,2019-10-24,2019-12-31,预增,60.0,40.0,神开股份,化工机械,3.44
002107,2020-01-09,2019-12-31,预增,142.0,95.0,沃华医药,中成药,3.49
002291,2019-10-28,2019-12-31,预增,2138.74,1579.05,星期六,服饰,3.99
002296,2019-10-26,2019-12-31,预增,224.52,152.41,辉煌科技,通信设备,3.29
002298,2020-01-21,2019-12-31,预增,100.0,50.0,中电兴发,软件服务,5.28
002299,2019-10-19,2019-12-31,预增,152.74,146.1,圣农发展,农业综合,11.11
002299,2020-01-04,2019-12-31,预增,178.98,171.01,圣农发展,农业综合,11.11
002300,2020-01-14,2019-12-31,预增,85.0,55.0,太阳电缆,电气设备,5.97
002302,2020-01-08,2019-12-31,预增,133.0,83.0,西部建设,水泥,12.39
002105,2020-01-22,2019-12-31,预增,376.0,220.0,信隆健康,文教休闲,3.69
002100,2020-01-17,2019-12-31,预增,123.12,91.25,天康生物,饲料,10.64
002244,2019-10-21,2019-12-31,预增,60.0,30.0,滨江集团,区域地产,27.03
002243,2020-01-22,2019-12-31,预增,588.172501,472.46207999999996,通产丽星,塑料,3.65
002241,2019-10-24,2019-12-31,预增,55.0,35.0,歌尔股份,元器件,27.66
002239,2020-02-03,2019-12-31,预增,204.73,110.16,奥特佳,汽车配件,30.92
002163,2020-01-11,2019-12-31,预增,68.46,22.52,中航三鑫,装修装饰,8.03
002165,2019-10-23,2019-12-31,预增,175.0,130.0,红 宝 丽,化工原料,5.93
002170,2020-01-23,2019-12-31,预增,278.88,170.63,芭田股份,农药化肥,6.93
002154,2019-10-31,2019-12-31,预增,360.0,310.0,报 喜 鸟,服饰,11.07
002181,2020-01-22,2019-12-31,预增,83.35,37.51,粤 传 媒,出版业,11.34
002182,2019-10-24,2019-12-31,预增,118.51,100.3,云海金属,小金属,4.89
002182,2020-01-20,2019-12-31,预增,157.96,142.79,云海金属,小金属,4.89
002204,2020-01-11,2019-12-31,预增,257.31,140.37,大连重工,专用机械,19.31
002084,2019-10-23,2019-12-31,预增,257.59,158.46,海鸥住工,家居用品,4.91
002135,2020-01-22,2019-12-31,预增,70.0,50.0,东南网架,建筑工程,9.59
002213,2020-01-22,2019-12-31,预增,70.16,13.44,特 尔 佳,汽车配件,2.06
002214,2019-10-31,2019-12-31,预增,180.0,130.0,大立科技,电器仪表,3.57
002216,2019-12-20,2019-12-31,预增,110.0,80.0,三全食品,食品,5.65
002224,2019-10-25,2019-12-31,预增,60.0,10.0,三 力 士,橡胶,5.29
002226,2019-10-23,2019-12-31,预增,90.0,60.0,江南化工,化工原料,9.58
002229,2019-10-31,2019-12-31,预增,638.85,522.19,鸿博股份,广告包装,4.1
002230,2020-02-03,2019-12-31,预增,65.0,35.0,科大讯飞,软件服务,18.51
002234,2020-01-21,2019-12-31,预增,333.47,320.33,民和股份,农业综合,2.06
002130,2019-10-25,2019-12-31,预增,950.0,900.0,沃尔核材,电气设备,9.94
000976,2020-01-17,2019-12-31,预增,127.0,120.0,华铁股份,运输设备,15.94
002315,2020-01-23,2019-12-31,预增,190.0,150.0,焦点科技,互联网,1.17
002318,2019-10-30,2019-12-31,预增,80.0,60.0,久立特材,特种钢,8.18
002015,2020-01-16,2019-12-31,预增,95.88,50.68,协鑫能科,新型电力,4.01
002012,2020-01-21,2019-12-31,预增,106.0,53.0,凯恩股份,造纸,4.66
002010,2020-01-17,2019-12-31,预增,91.7,70.94,传化智联,仓储物流,31.83
002387,2020-01-21,2019-12-31,预增,136.72,58.78,维信诺,元器件,10.68
002388,2020-01-10,2019-12-31,预增,71.0,39.91,新亚制程,元器件,4.0
002395,2019-10-25,2019-12-31,预增,80.0,30.0,双象股份,塑料,1.79
002398,2019-10-22,2019-12-31,预增,75.0,35.0,垒知集团,其他建材,5.3
002399,2020-01-23,2019-12-31,预增,83.38,54.17,海普瑞,化学制药,12.47
002409,2019-10-31,2019-12-31,预增,103.16,80.59,雅克科技,化工原料,2.38
002414,2019-10-29,2019-12-31,预增,100.0,50.0,高德红外,电器仪表,7.34
001872,2020-01-20,2019-12-31,预增,197.25,143.85,招商港口,港口,4.65
002429,2019-10-30,2019-12-31,预增,120.0,80.0,兆驰股份,家用电器,44.96
002429,2020-02-03,2019-12-31,预增,180.0,120.0,兆驰股份,家用电器,44.96
000999,2019-10-30,2019-12-31,预增,57.11,47.34,华润三九,中成药,9.78
002432,2020-01-14,2019-12-31,预增,530.58,372.93,九安医疗,医疗保健,4.33
000988,2020-01-20,2019-12-31,预增,90.4,72.77,华工科技,电器仪表,10.05
000987,2020-01-18,2019-12-31,预增,165.0,150.0,越秀金控,多元金融,26.67
002382,2019-10-31,2019-12-31,预增,60.0,30.0,蓝帆医疗,医疗保健,6.4
002381,2020-01-21,2019-12-31,预增,70.0,50.0,双箭股份,橡胶,3.13
002379,2020-01-22,2019-12-31,预增,4135.06,3160.62,宏创控股,铝,9.26
002028,2019-10-25,2019-12-31,预增,100.0,50.0,思源电气,电气设备,5.87
002324,2019-10-23,2019-12-31,预增,120.0,80.0,普利特,塑料,3.07
002324,2020-01-08,2019-12-31,预增,180.0,130.0,普利特,塑料,3.07
002331,2020-01-21,2019-12-31,预增,80.0,40.0,皖通科技,软件服务,3.37
002335,2019-10-24,2019-12-31,预增,90.0,40.0,科华恒盛,电气设备,2.23
002335,2020-01-31,2019-12-31,预增,185.0,135.0,科华恒盛,电气设备,2.23
002345,2019-10-31,2019-12-31,预增,200.0,100.0,潮宏基,服饰,8.79
002346,2020-01-21,2019-12-31,预增,97.36,54.46,柘中股份,电气设备,3.95
002351,2019-10-23,2019-12-31,预增,110.0,70.0,漫步者,IT设备,2.91
002082,2020-01-18,2019-12-31,预增,149.76,78.4,万邦德,铝,2.38
002353,2020-02-03,2019-12-31,预增,133.0,113.0,杰瑞股份,化工机械,6.66
002064,2020-01-22,2019-12-31,预增,304.29,236.91,华峰氨纶,化纤,15.56
002357,2020-01-23,2019-12-31,预增,130.0,80.0,富临运业,公路,3.13
002361,2020-01-21,2019-12-31,预增,80.0,50.0,神剑股份,化工原料,6.25
002362,2019-10-24,2019-12-31,预增,152.13,76.49,汉王科技,IT设备,1.79
002364,2019-10-30,2019-12-31,预增,80.0,50.0,中恒电气,电气设备,5.15
002054,2019-10-31,2019-12-31,预增,159.88,110.19,德美化工,化工原料,3.13
002367,2019-10-25,2019-12-31,预增,1572.26,1443.63,康力电梯,运输设备,5.24
002053,2019-10-26,2019-12-31,预增,113.34,87.21,云南能投,食品,3.72
002357,2019-10-25,2019-12-31,预增,170.0,120.0,富临运业,公路,3.13
002714,2020-01-15,2019-12-31,预增,1130.28,1053.38,牧原股份,农业综合,11.67
002666,2020-01-15,2019-12-31,预增,70.0,40.0,德联集团,化工原料,4.44
002732,2019-10-22,2019-12-31,预增,270.0,190.0,燕塘乳业,乳制品,1.56
600171,2020-01-21,2019-12-31,预增,69.0,55.0,上海贝岭,半导体,6.74
600178,2020-01-21,2019-12-31,预增,258.54,79.0,东安动力,汽车配件,4.62
000589,2020-01-14,2019-12-31,预增,87.13,47.44,贵州轮胎,汽车配件,7.75
000582,2020-01-31,2019-12-31,预增,73.61,42.04,北部湾港,港口,5.96
600202,2020-01-21,2019-12-31,预增,150.0,130.0,哈空调,电气设备,3.83
000573,2020-01-11,2019-12-31,预增,55.63,5.67,粤宏远Ａ,区域地产,6.29
000565,2020-01-22,2019-12-31,预增,60.0,40.0,渝三峡Ａ,染料涂料,4.34
600157,2020-01-17,2019-12-31,预增,157.89,112.38,永泰能源,煤炭开采,124.26
600218,2020-01-22,2019-12-31,预增,156.0,136.0,全柴动力,农用机械,3.69
000563,2020-01-04,2019-12-31,预增,81.4,81.4,陕国投Ａ,多元金融,39.64
000555,2019-10-22,2019-12-31,预增,850.2,755.18,神州信息,软件服务,9.41
000548,2020-01-21,2019-12-31,预增,61.53,9.34,湖南投资,路桥,4.99
000547,2020-01-18,2019-12-31,预增,68.0,47.0,航天发展,通信设备,11.02
000546,2020-01-18,2019-12-31,预增,60.16,44.15,金圆股份,水泥,6.68
000543,2020-01-22,2019-12-31,预增,59.1,20.0,皖能电力,火力发电,17.9
000539,2020-01-18,2019-12-31,预增,195.07,131.84,粤电力Ａ,火力发电,25.54
600223,2020-01-04,2019-12-31,预增,120.0,80.0,鲁商发展,区域地产,10.01
000613,2020-01-13,2019-12-31,预增,83.68,37.76,大东海A,旅游服务,2.66
600155,2020-01-22,2019-12-31,预增,80.0,80.0,华创阳安,证券,16.9
000622,2020-01-21,2019-12-31,预增,312.35,217.2,恒立实业,汽车配件,4.25
600053,2020-01-31,2019-12-31,预增,708.0,597.0,九鼎投资,多元金融,4.34
600061,2020-01-21,2019-12-31,预增,86.0,70.0,国投资本,证券,41.74
600063,2020-01-21,2019-12-31,预增,207.69,176.92,皖维高新,化纤,19.26
600064,2020-01-22,2019-12-31,预增,103.0,88.0,南京高科,园区开发,12.36
600070,2020-01-21,2019-12-31,预增,177.0,177.0,浙江富润,互联网,4.41
600072,2020-01-18,2019-12-31,预增,129.26,83.41,中船科技,船舶,7.36
600077,2020-01-20,2019-12-31,预增,57.8,31.05,宋都股份,全国地产,13.4
600078,2020-01-18,2019-12-31,预增,252.0,210.0,澄星股份,化工原料,6.63
000655,2020-01-22,2019-12-31,预增,104.02,69.19,金岭矿业,普钢,5.95
000637,2020-01-21,2019-12-31,预增,168.46,109.4,茂化实华,石油加工,3.66
000635,2020-01-23,2019-12-31,预增,116.04,78.79,英 力 特,化工原料,3.03
600131,2020-01-18,2019-12-31,预增,370.0,370.0,岷江水电,水力发电,4.08
600132,2020-01-23,2019-12-31,预增,70.0,50.0,重庆啤酒,啤酒,4.84
600135,2020-01-21,2019-12-31,预增,522.41,474.91,乐凯胶片,化工原料,3.73
000628,2020-01-23,2019-12-31,预增,100.93,37.0,高新发展,园区开发,1.88
600143,2020-01-21,2019-12-31,预增,107.0,85.0,金发科技,塑料,25.74
000623,2020-01-21,2019-12-31,预增,55.0,40.0,吉林敖东,化学制药,11.42
000531,2020-01-18,2019-12-31,预增,420.0,360.0,穗恒运Ａ,火力发电,6.85
600052,2020-01-23,2019-12-31,预增,1067.0,1067.0,浙江广厦,影视音像,8.72
600246,2020-01-16,2019-12-31,预增,100.0,68.0,万通地产,区域地产,20.54
000523,2020-01-23,2019-12-31,预增,125.28,50.19,广州浪奇,日用化工,6.27
600368,2020-01-17,2019-12-31,预增,115.0,101.5,五洲交通,路桥,11.26
000048,2020-01-14,2019-12-31,预增,174.35,117.19,康达尔,饲料,4.02
600369,2020-01-18,2019-12-31,预增,375.0,345.0,西南证券,证券,56.45
600387,2020-01-21,2019-12-31,预增,64.0,36.0,海越能源,石油贸易,3.88
600433,2020-01-18,2019-12-31,预增,53.56,53.56,冠豪高新,造纸,12.71
600449,2020-01-17,2019-12-31,预增,80.0,68.0,宁夏建材,水泥,4.78
000042,2020-01-21,2019-12-31,预增,98.56,53.56,中洲控股,全国地产,6.62
000058,2020-01-10,2019-12-31,预增,133.37,133.37,深 赛 格,元器件,5.38
000027,2020-01-15,2019-12-31,预增,168.0,95.0,深圳能源,火力发电,39.64
600456,2020-01-11,2019-12-31,预增,75.0,75.0,宝钛股份,小金属,4.3
600461,2020-01-18,2019-12-31,预增,60.0,40.0,洪城水业,水务,7.9
000025,2020-01-18,2019-12-31,预增,187.62,107.09,特 力Ａ,汽车服务,3.93
600466,2020-01-21,2019-12-31,预增,53.0,53.0,蓝光发展,区域地产,30.1
600469,2020-01-22,2019-12-31,预增,1104.1,939.91,风神股份,汽车配件,5.62
000023,2020-01-21,2019-12-31,预增,132.0,86.0,深天地Ａ,其他建材,1.39
000009,2020-01-18,2019-12-31,预增,59.04,30.98,中国宝安,综合类,25.44
600455,2020-01-21,2019-12-31,预增,480.0,430.0,博通股份,文教休闲,0.62
000061,2020-01-18,2019-12-31,预增,792.57,563.05,农 产 品,农业综合,16.95
000090,2020-01-10,2019-12-31,预增,60.0,40.0,天健集团,建筑工程,18.68
600346,2020-01-18,2019-12-31,预增,228.06,228.06,恒力石化,化纤,46.32
000517,2020-01-22,2019-12-31,预增,236.9,162.95,荣安地产,区域地产,30.36
000514,2020-01-18,2019-12-31,预增,1035.82,773.71,渝 开 发,区域地产,8.44
600251,2020-02-03,2019-12-31,预增,82.46,82.46,冠农股份,农业综合,7.85
600266,2020-01-31,2019-12-31,预增,95.0,50.0,城建发展,区域地产,18.8
000425,2020-01-23,2019-12-31,预增,95.53,75.98,徐工机械,工程机械,69.95
600287,2019-10-30,2019-12-31,预增,0.0,0.0,江苏舜天,商贸代理,4.37
600287,2020-01-23,2019-12-31,预增,212.0,212.0,江苏舜天,商贸代理,4.37
600288,2020-01-21,2019-12-31,预增,73.76,44.14,大恒科技,软件服务,4.37
600295,2020-02-03,2019-12-31,预增,60.0,47.0,鄂尔多斯,小金属,6.12
000411,2019-10-26,2019-12-31,预增,81.14,38.52,英特集团,医药商业,2.07
600310,2020-01-21,2019-12-31,预增,131.39,87.59,桂东电力,水力发电,8.28
000403,2020-01-16,2019-12-31,预增,120.0,90.0,双林生物,生物制药,2.71
000400,2020-01-18,2019-12-31,预增,120.37,95.33,许继电气,电气设备,10.08
600328,2020-01-23,2019-12-31,预增,246.45,246.45,兰太实业,化工原料,4.38
000301,2020-01-21,2019-12-31,预增,81.29,50.21,东方盛虹,化纤,12.18
600336,2020-01-22,2019-12-31,预增,195.0,175.0,澳柯玛,家用电器,7.77
000157,2020-01-16,2019-12-31,预增,122.79,112.89,中联重科,工程机械,63.51
000529,2020-01-22,2019-12-31,预增,65.0,39.0,广弘控股,食品,5.7
600035,2020-01-21,2019-12-31,预增,90.0,60.0,楚天高速,路桥,15.25
000626,2020-01-14,2019-12-31,预增,236.0,152.0,远大控股,商贸代理,4.64
600027,2020-01-18,2019-12-31,预增,110.0,90.0,华电国际,火力发电,69.96
002809,2019-10-25,2019-12-31,预增,100.0,60.0,红墙股份,化工原料,0.71
002810,2019-10-22,2019-12-31,预增,130.0,100.0,山东赫达,化工原料,1.36
002812,2020-01-11,2019-12-31,预增,74.71,49.75,恩捷股份,广告包装,5.21
600031,2020-01-21,2019-12-31,预增,92.93,76.58,三一重工,工程机械,84.18
002826,2020-01-17,2019-12-31,预增,60.0,30.0,易明医药,中成药,1.34
000690,2020-01-06,2019-12-31,预增,98.75,49.06,宝新能源,火力发电,20.84
002803,2020-01-20,2019-12-31,预增,59.45,50.07,吉宏股份,互联网,1.18
002837,2020-01-20,2019-12-31,预增,60.0,40.0,英维克,专用机械,1.53
002846,2020-01-15,2019-12-31,预增,101.79,73.3,英联股份,广告包装,0.53
002847,2020-01-18,2019-12-31,预增,84.36,70.18,盐津铺子,食品,0.36
002850,2019-10-30,2019-12-31,预增,210.0,160.0,科达利,机械基件,0.93
002851,2020-01-23,2019-12-31,预增,100.0,50.0,麦格米特,电气设备,2.58
002855,2020-01-21,2019-12-31,预增,100.0,50.0,捷荣技术,塑料,0.83
002869,2020-01-20,2019-12-31,预增,4252.61,3601.77,金溢科技,通信设备,0.45
002841,2019-10-26,2019-12-31,预增,70.0,45.0,视源股份,元器件,0.7
000685,2020-01-21,2019-12-31,预增,60.0,40.0,中山公用,水务,12.53
002801,2019-10-29,2019-12-31,预增,80.0,60.0,微光股份,电气设备,0.58
002800,2019-10-24,2019-12-31,预增,536.89,364.76,天顺股份,仓储物流,0.71
002733,2019-10-24,2019-12-31,预增,133.49,80.42,雄韬股份,电气设备,3.27
002734,2019-10-29,2019-12-31,预增,70.0,50.0,利民股份,农药化肥,2.46
002740,2019-10-31,2019-12-31,预增,140.0,90.0,爱迪尔,服饰,1.9
002746,2020-01-16,2019-12-31,预增,161.22,136.34,仙坛股份,农业综合,3.63
000710,2019-10-31,2019-12-31,预增,64.12,52.93,贝瑞基因,医疗保健,2.31
002760,2020-01-17,2019-12-31,预增,146.21,96.97,凤形股份,机械基件,0.73
002800,2020-01-31,2019-12-31,预增,364.76,209.84,天顺股份,仓储物流,0.71
000708,2020-01-21,2019-12-31,预增,54.0,45.0,中信特钢,特种钢,4.49
000703,2020-01-04,2019-12-31,预增,58.0,42.71,恒逸石化,化纤,23.31
002791,2020-01-23,2019-12-31,预增,155.63,132.39,坚朗五金,其他建材,1.61
002793,2020-01-17,2019-12-31,预增,483.77,456.82,东音股份,专用机械,2.37
002796,2020-01-16,2019-12-31,预增,134.53,85.15,世嘉科技,专用机械,1.33
002798,2019-10-30,2019-12-31,预增,55.0,45.0,帝欧家居,家居用品,1.9
002799,2019-10-22,2019-12-31,预增,150.0,100.0,环球印务,广告包装,1.5
000705,2020-01-21,2019-12-31,预增,215.0,185.0,浙江震元,医药商业,2.82
000677,2020-01-21,2019-12-31,预增,486.11,358.37,恒天海龙,化纤,8.64
002157,2020-01-20,2019-12-31,预增,830.6,727.2,正邦科技,饲料,22.18
002930,2020-01-22,2019-12-31,预增,55.0,25.0,宏川智慧,仓储物流,1.38
002967,2020-01-17,2019-12-31,预增,51.73,18.93,广电计量,综合类,0.83
002909,2020-01-14,2019-12-31,预增,380.2,300.17,集泰股份,化工原料,0.76
600020,2019-10-29,2019-12-31,预增,0.0,50.0,中原高速,路桥,22.47
002906,2020-01-21,2019-12-31,预增,441.02,320.79,华阳集团,汽车配件,2.02
002939,2020-01-22,2019-12-31,预增,75.0,56.0,长城证券,证券,16.64
002928,2020-02-03,2019-12-31,预增,100.0,90.0,华夏航空,空运,2.04
000672,2020-01-07,2019-12-31,预增,60.0,53.0,上峰水泥,水泥,8.14
000668,2020-01-22,2019-12-31,预增,489.03,296.46,荣丰控股,区域地产,1.47
600020,2020-01-18,2019-12-31,预增,100.0,80.0,中原高速,路桥,22.47
002912,2020-02-03,2019-12-31,预增,60.0,30.0,中新赛克,软件服务,0.52
002916,2020-01-11,2019-12-31,预增,85.0,65.0,深南电路,元器件,0.99
600026,2020-01-23,2019-12-31,预增,366.7,290.5,中远海能,水运,27.36
002926,2020-01-18,2019-12-31,预增,80.0,61.0,华西证券,证券,17.78
002895,2020-01-17,2019-12-31,预增,150.0,120.0,川恒股份,化工原料,0.89
002876,2019-10-17,2019-12-31,预增,130.0,80.0,三利谱,元器件,0.71